<?xml version="1.0" encoding="UTF-8"?>
<AutoPilotCommonEnv>
	<ApplictionList>
		<Property Name="AEE" AppID="35318"/>
		<Property Name="CITISMART" AppID=""/>
		<Property Name="CX" AppID="35318"/>
		<Property Name="TOTALTOUCH" AppID="35318"/>
		<Property Name="TOB" AppID="35318"/>
	</ApplictionList>
	<RegionList>
		<Property Name="EMEA"/>
		<Property Name="HK"/>
		<Property Name="JPN"/>
		<Property Name="US"/>

	</RegionList>
	<EnvList>
		<Property Name="CI"/>
		<Property Name="DEV"/>
		<Property Name="PACE"/>
		<Property Name="QA"/>
	</EnvList>

<!--
	<Property Name="CustomizedValidationClasspath" Value="lib"/>
-->

</AutoPilotCommonEnv>