<?xml version="1.0" encoding="UTF-8"?>
<!DOCTYPE hibernate-mapping PUBLIC "-//Hibernate/Hibernate Mapping DTD 3.0//EN" "http://hibernate.sourceforge.net/hibernate-mapping-3.0.dtd">
<hibernate-mapping package="com.citigroup.liquifi.autopilot.db.dao">
  <class name="com.citigroup.liquifi.autopilot.db.dao.BrokerInfo" table="LFBrokerInfo">
    <id column="BrokerName" name="brokerName" type="java.lang.String">
  	</id>
    <property column="BrokerURL" length="50" name="brokerURL" type="java.lang.String"/>
    <property column="EncryptedUserID" length="255" name="userID" type="java.lang.String"/>
    <property column="EncryptedPass" length="255" name="password" type="java.lang.String"/>
    <property column="Active" name="active" type="java.lang.Boolean"/>
    <property column="Comments" length="255" name="comments" type="java.lang.String"/>
  </class>
</hibernate-mapping>
