<?xml version="1.0" encoding="UTF-8"?>
<!DOCTYPE hibernate-mapping PUBLIC "-//Hibernate/Hibernate Mapping DTD 3.0//EN" "http://hibernate.sourceforge.net/hibernate-mapping-3.0.dtd">
<hibernate-mapping package="com.citigroup.liquifi.entities">
  <class name="com.citigroup.liquifi.entities.LFCommonOverwriteTag" table="LFCommonOverwriteTag">
    <composite-id>
      <key-property column="AppName" name="appName"/>
      <key-property column="CommonOverwriteTagListName" name="commonOverwriteTagListName"/>
      <key-property column="TagID" name="tagID"/>
    </composite-id>
    <property column="TagValue" name="tagValue"/>
    <!-- 
        <property name="isFunction" column = "isFunction"/>
		 -->
  </class>
</hibernate-mapping>
