<?xml version="1.0" encoding="UTF-8"?>
<!DOCTYPE hibernate-mapping PUBLIC "-//Hibernate/Hibernate Mapping DTD 3.0//EN" "http://hibernate.sourceforge.net/hibernate-mapping-3.0.dtd">
<hibernate-mapping package="com.citigroup.liquifi.entities">
  <class name="com.citigroup.liquifi.entities.LFTag" table="LFInputTagValues">
    <composite-id>
      <key-property column="TestID" name="testID"/>
      <key-property column="ActionSequence" name="actionSequence"/>
      <key-property column="TagID" name="tagID"/>
    </composite-id>
    <property column="InputTagValue" name="tagValue"/>
  </class>
</hibernate-mapping>
