<?xml version="1.0" encoding="UTF-8"?>
<!DOCTYPE hibernate-mapping PUBLIC "-//Hibernate/Hibernate Mapping DTD 3.0//EN" "http://hibernate.sourceforge.net/hibernate-mapping-3.0.dtd">
<hibernate-mapping>
  <class name="com.citigroup.liquifi.entities.LFOutputMsg" table="LFOutputMsg">
    <composite-id>
      <key-property column="TestID" name="testID"/>
      <key-property column="ActionSequence" name="actionSequence"/>
      <key-property column="OutputMsgID" name="outputMsgID"/>
    </composite-id>
    <property column="Template" name="template"/>
    <property column="OutputMsg" name="outputMsg"/>
    <property column="TopicID" name="topicID"/>
    <property column="CustValidationClass" name="custValidationClass"/>
    <set cascade="save-update,all-delete-orphan" inverse="true" lazy="false" name="outputTagList">
      <key>
        <column name="TestID"/>
        <column name="ActionSequence"/>
        <column name="OutputMsgID"/>
      </key>
      <one-to-many class="com.citigroup.liquifi.entities.LFOutputTag"/>
    </set>
  </class>
</hibernate-mapping>
