<?xml version="1.0" encoding="UTF-8"?>
<!DOCTYPE hibernate-mapping PUBLIC "-//Hibernate/Hibernate Mapping DTD 3.0//EN" "http://hibernate.sourceforge.net/hibernate-mapping-3.0.dtd">
<hibernate-mapping>
  <class name="com.citigroup.liquifi.entities.LFTestOutcome" table="LFTestOutcome">
    <composite-id>
      <key-property column="TestID" name="testID"/>
      <key-property column="LastActivityUserID" name="lastActivityUserID"/>
      <key-property column="ValidationTimestamp" name="validationTimestamp"/>
    </composite-id>
    <property column="Symbol" name="symbol"/>
    <property column="ValidationResultStatus" name="validationResultStatus"/>
    <property column="ValidationObjectDetail" name="validationObjectDetail"/>
    <property column="ValidationResultMsg" name="validationResultMsg"/>
    <property column="FailedInputStep" name="failedInputStep"/>
    <property column="FailedOutputMsgID" name="failedOutputMsgID"/>
    <property column="Comments" name="comments"/>
    <property column="TestingBroker" name="testingBroker"/>
  </class>
</hibernate-mapping>
