<?xml version="1.0" encoding="UTF-8"?>
<!DOCTYPE hibernate-mapping PUBLIC "-//Hibernate/Hibernate Mapping DTD 3.0//EN" "http://hibernate.sourceforge.net/hibernate-mapping-3.0.dtd">
<hibernate-mapping package="com.citigroup.liquifi.entities">
  <class name="com.citigroup.liquifi.entities.LFTemplate" table="LFTemplate">
    <id column="TemplateName" name="templateName" type="java.lang.String">
        </id>
    <property column="AppName" name="appName" type="java.lang.String"/>
    <property column="MsgType" name="msgType" type="java.lang.String"/>
    <property column="MsgTemplate" name="msgTemplate" type="java.lang.String"/>
    <property column="Description" name="description" type="java.lang.String"/>
    <property column="CommonOverwriteTagListName" name="commonOverwriteTagListName" type="java.lang.String"/>
    <property column="IsInput" name="isInput" type="java.lang.Character"/>
  </class>
</hibernate-mapping>
