<?xml version="1.0" encoding="UTF-8"?>
<!DOCTYPE hibernate-mapping PUBLIC "-//Hibernate/Hibernate Mapping DTD 3.0//EN" "http://hibernate.sourceforge.net/hibernate-mapping-3.0.dtd">
<hibernate-mapping package="com.citigroup.liquifi.entities">
  <class name="com.citigroup.liquifi.entities.LFTestCase" table="LFTestCase">
    <id column="TestID" name="testID">
        </id>
    <property column="Category" name="category"/>
    <property column="Description" name="description"/>
    <property column="AppName" name="appName"/>
    <property column="Name" name="name"/>
    <property column="Region" name="region"/>
    <property column="ReleaseNum" name="releaseNum"/>
    <property column="Active" name="active"/>
    <property column="SecurityClass" name="securityClass"/>
    <bag cascade="save-update,all-delete-orphan" inverse="true" lazy="true" name="inputStepList">
      <key>
        <column name="TestID" not-null="true"/>
      </key>
      <one-to-many class="com.citigroup.liquifi.entities.LFTestInputSteps"/>
    </bag>
  </class>
</hibernate-mapping>
