<?xml version="1.0" encoding="UTF-8"?>
<!DOCTYPE hibernate-mapping PUBLIC "-//Hibernate/Hibernate Mapping DTD 3.0//EN" "http://hibernate.sourceforge.net/hibernate-mapping-3.0.dtd">
<hibernate-mapping>
  <class name="com.citigroup.liquifi.entities.LFTestInputSteps" table="LFTestInputSteps">
    <composite-id>
      <key-property column="TestID" name="testID"/>
      <key-property column="ActionSequence" name="actionSequence"/>
    </composite-id>
    <property column="Template" name="template"/>
    <property column="Message" name="message"/>
    <property column="MsgType" name="msgType"/>
    <property column="UseOutputMsg" name="useOutputMsg"/>
    <property column="OutputMsgID" name="outputMsgID"/>
    <property column="TopicID" name="topicID"/>
    <set cascade="save-update,all-delete-orphan" inverse="true" lazy="false" name="inputTagsValueList">
      <key>
        <column name="TestID"/>
        <column name="ActionSequence"/>
      </key>
      <one-to-many class="com.citigroup.liquifi.entities.LFTag"/>
    </set>
    <bag cascade="save-update,all-delete-orphan" inverse="true" lazy="false" name="outputStepList">
      <key>
        <column name="TestID"/>
        <column name="ActionSequence"/>
      </key>
      <one-to-many class="com.citigroup.liquifi.entities.LFOutputMsg"/>
    </bag>
  </class>
</hibernate-mapping>
