<?xml version="1.0" encoding="UTF-8"?>
<!DOCTYPE hibernate-mapping PUBLIC "-//Hibernate/Hibernate Mapping DTD 3.0//EN" "http://hibernate.sourceforge.net/hibernate-mapping-3.0.dtd">
<hibernate-mapping package="com.citigroup.liquifi.entities">
  <class name="com.citigroup.liquifi.entities.LFTopic" table="LFTopic">
    <id column="TopicID" name="topicID" type="java.lang.String">
       </id>
    <property column="TopicName" name="topicName" type="java.lang.String"/>
    <property column="BrokerName" name="brokerName" type="java.lang.String"/>
    <property column="Description" name="description" type="java.lang.String"/>
    <property column="Active" name="active" type="java.lang.Character"/>
  </class>
</hibernate-mapping>
